subtype	strain	count	latest_sequence	closest_library_strain	diffs_from_closest_library_strain	accession_w_aa_muts_added	prot_sequence	nt_sequence
H3N2	A/Rio_de_Janeiro/5217/2025_H3N2	21.0	2025-09-23	A/Arica/59150/2025	HA1: V309I	PX268912_V325I	MKAIIALSNILCLVFAQKIPGNDNSTATLCLGHHAVPNGTIVKTITNDRIEVTNATELVQNSSIGKICNSPHQILDGGNCTLIDALLGDPQCDGFQNKEWDLFVERSRANSSCYPYDVPDYASLRSLVASSGTLEFKDESFNWTGVKQNGTSSACKRGSSSSFFSRLNWLTSLKNIYPAQNVTMPNKEQFDKLYIWGVHHPDTDRNQFSLFAQSSGRITVSTKRSQQAVIPNIGSRPRVRDIPSRISIYWTIVKPGDILLINSTGNLIAPRGYFKIRSGKSSIMRSDAPIGECKSECITPNGSIPNDKPFQNVNRITYGACPRYIKQSTLKLATGMRNVPEKQTRGIFGAIAGFIENGWEGMVDGWYGFRHQNSEGRGQAADLKSTQAAIDQINGKLNRLIGKTNEKFHQIEKEFSEVEGRVQDLEKYVEDTKIDLWSYNAELLVALENQHTIDLTDSEMNKLFEKTKKQLRENAEDMGNGCFKIYHKCDNACIGSIRNETYDHNVYRDEALNNRFQIKGVELKSGYKDWILWISFAMSCFLLCIALLGFIMWACQKGNIRCNICI	ATGAAGGCTATCATTGCTTTGAGCAACATTCTATGTCTTGTTTTCGCTCAAAAAATACCTGGAAATGACAATAGCACGGCAACGCTGTGCCTTGGGCACCATGCAGTACCAAACGGAACGATAGTGAAAACAATCACAAATGACCGAATTGAAGTTACTAATGCTACTGAGTTGGTTCAGAATTCATCAATAGGTAAAATATGCAACAGTCCTCATCAGATCCTTGATGGAGGGAACTGCACACTAATAGATGCTCTATTGGGGGACCCTCAGTGTGACGGCTTTCAGAATAAGGAATGGGACCTTTTTGTTGAACGAAGCAGAGCCAACAGCAGCTGTTACCCTTATGATGTGCCAGATTATGCCTCCCTTAGGTCACTAGTTGCCTCATCCGGAACACTGGAGTTTAAAGATGAAAGCTTCAATTGGACCGGAGTCAAACAAAACGGAACAAGTTCTGCGTGCAAAAGGGGATCTAGTAGTAGTTTTTTTAGTAGATTAAATTGGTTGACCAGCTTAAAGAACATATATCCAGCACAGAACGTGACTATGCCAAACAAGGAACAATTTGACAAATTGTACATTTGGGGGGTTCATCATCCGGATACGGACAGGAACCAATTCTCCCTGTTTGCTCAATCATCAGGAAGAATCACAGTATCTACTAAAAGAAGCCAACAAGCTGTAATCCCAAATATCGGATCTAGACCCAGAGTAAGGGATATCCCTAGCAGAATAAGCATCTATTGGACAATAGTAAAACCGGGAGACATACTTTTGATTAACAGCACAGGGAATCTAATTGCTCCTAGGGGTTACTTCAAAATACGAAGTGGGAAAAGCTCAATAATGAGATCAGACGCACCCATTGGCGAATGTAAGTCTGAATGCATCACTCCAAATGGAAGCATTCCCAATGACAAACCGTTCCAAAATGTAAACAGGATCACATACGGGGCCTGTCCCAGATACATCAAGCAAAGCACCCTGAAATTGGCAACAGGAATGCGAAATGTACCTGAGAAACAAACCAGAGGCATATTTGGTGCAATAGCGGGTTTCATAGAAAATGGATGGGAGGGAATGGTGGATGGTTGGTACGGTTTCAGGCATCAAAATTCTGAGGGAAGAGGACAAGCAGCAGATCTCAAAAGCACTCAAGCAGCAATCGATCAAATCAATGGGAAGCTGAATCGATTGATCGGAAAAACCAACGAGAAATTCCATCAGATTGAAAAAGAATTCTCAGAAGTAGAAGGAAGAGTTCAAGACCTTGAGAAATATGTTGAGGACACTAAAATAGATCTCTGGTCATACAACGCGGAGCTTCTTGTTGCCCTGGAGAACCAACATACGATTGACCTAACTGACTCAGAAATGAACAAGCTGTTTGAAAAAACAAAGAAGCAACTGAGGGAAAATGCTGAGGATATGGGAAATGGTTGTTTCAAAATATACCACAAATGTGACAATGCCTGCATAGGATCAATAAGAAATGAAACTTATGACCACAATGTGTACAGGGATGAAGCATTAAACAACCGGTTCCAGATCAAGGGAGTTGAGCTGAAGTCAGGGTACAAAGATTGGATCCTATGGATTTCCTTTGCCATGTCATGTTTTTTGCTTTGCATTGCTTTGTTGGGGTTCATCATGTGGGCCTGCCAAAAGGGCAACATCAGATGCAACATTTGCATT
H3N2	A/Darwin/1730/2025_H3N2	14.0	2025-10-12	A/SouthAustralia/2525607496/2025	HA1: M160I HA1: V267I HA2: M18V	PX400062	MKAIIALSNILCLVFAQKIPGNDNSTATLCLGHHAVPNGTIVKTITNDRIEVTNATELVQNSSIGKICNSPHQILDGGNCTLIDALLGDPQCDGFQNKEWDLFVERSRANSSCYPYDVPNYASLRSLVASSGTLEFKDESFNWTGVKQNGASSACKRGSSNSFFSRLNWLTSLNNIYPAQNVTMPNKEQFDKLYIWGVHHPDTDKNQFSLFAQSSGRITVSTKRSQQAVIPNIGSRPRVRDIPSRISIYWTIVKPGDILLINSTGNLIAPRGYFKIRSGKSSIMRSDAPIGECKSECITPNGSIPNDKPFQNVNRITYGACPRYVKQSTLKLATGMRNVPEKQTRGIFGAIAGFIENGWEGMVDGWYGFRHQNSEGRGQAADLKSTQAAIDQISGKLNRLIGKTNEKFHQIEKEFSEVEGRVQDLEKYVEDTKIDLWSYNAELLVALENQHTIDLTDSEMNKLFEKTKKQLRENAEDMGNGCFKIYHKCDNACIGSIRNETYDHNVYRDEALNNRFQIKGVELKSGYKDWILWISFAMSCFLLCIALLGFIMWACQKGNIRCNICI	ATGAAGGCTATCATTGCTTTGAGCAACATTCTATGTCTTGTTTTCGCTCAAAAGATACCTGGAAATGACAATAGCACTGCAACGCTGTGCCTTGGGCACCATGCAGTGCCAAACGGAACGATAGTGAAAACAATCACAAATGACCGAATTGAGGTTACTAATGCTACTGAGTTGGTTCAGAATTCATCAATAGGTAAAATATGCAACAGTCCTCATCAGATCCTTGATGGAGGGAACTGCACACTAATAGATGCTCTATTGGGGGACCCTCAGTGTGACGGCTTTCAGAATAAGGAATGGGACCTTTTTGTTGAACGAAGCAGAGCCAACAGCAGCTGTTACCCTTATGATGTGCCGAATTATGCCTCCCTTAGGTCACTAGTTGCCTCATCCGGAACACTGGAGTTTAAAGATGAAAGCTTCAATTGGACCGGAGTCAAACAGAACGGAGCAAGTTCTGCGTGCAAAAGGGGATCTAGTAATAGTTTTTTTAGTAGATTAAATTGGTTAACCAGCTTAAACAACATATATCCAGCACAGAACGTGACTATGCCAAACAAGGAACAATTTGACAAATTGTACATTTGGGGGGTTCATCATCCGGATACGGACAAGAACCAATTCTCCCTGTTTGCTCAATCATCAGGAAGAATCACAGTATCTACCAAAAGAAGCCAACAAGCTGTAATCCCAAATATCGGATCTAGACCCAGAGTAAGGGATATCCCTAGCAGAATAAGCATCTATTGGACAATAGTAAAACCGGGAGACATACTTTTGATTAACAGCACAGGGAATCTAATTGCTCCTAGGGGTTACTTCAAAATACGAAGTGGGAAGAGCTCAATAATGAGATCAGACGCACCCATTGGCGAATGTAAGTCTGAATGCATCACTCCAAATGGAAGCATTCCCAATGACAAACCGTTCCAAAATGTAAACAGGATCACCTACGGGGCCTGTCCCAGATACGTTAAGCAAAGCACCCTGAAATTGGCAACAGGAATGCGAAATGTACCTGAGAAACAAACCAGAGGCATATTTGGTGCAATAGCGGGTTTCATAGAAAATGGATGGGAGGGAATGGTGGATGGTTGGTACGGTTTCAGGCATCAAAATTCTGAGGGAAGAGGACAAGCAGCAGATCTCAAAAGCACTCAAGCAGCAATCGATCAAATCAGTGGGAAGCTGAATCGATTGATCGGAAAAACCAACGAGAAATTCCATCAGATTGAAAAAGAATTCTCAGAAGTAGAAGGAAGAGTTCAAGACCTTGAGAAATATGTTGAGGACACTAAAATAGATCTCTGGTCATACAACGCGGAGCTTCTTGTTGCCCTGGAGAACCAACATACAATTGACCTAACTGACTCAGAAATGAACAAGCTGTTTGAAAAAACAAAGAAGCAACTGAGGGAAAATGCTGAGGATATGGGAAATGGTTGTTTCAAAATATACCACAAATGTGACAATGCCTGCATAGGATCAATAAGAAATGAAACTTATGACCACAATGTGTACAGGGATGAAGCATTAAACAACCGGTTCCAGATCAAGGGAGTTGAGCTGAAGTCAGGGTACAAAGATTGGATCCTATGGATTTCCTTTGCCATGTCATGTTTTTTGCTTTGTATTGCTTTGTTGGGGTTCATCATGTGGGCCTGCCAAAAGGGCAACATTAGATGCAACATTTGCATT
H3N2	A/New_York/16375/2025_H3N2	11.0	2025-11-06	A/Norway/8765/2025	HA1: V102M	PX608316	MKAIIALSNILCLVFAQNIPGNDNSTATLCLGHHAVPNGTIVKTITNDRIEVTNATELVQNSSIGKICNSPHQILDGGNCTLIDALLGDPQCDGFQNKEWDLFVERSRANSSCYPYDMPDYASLRSLVASSGTLEFKDESFNWTGVKQNGKSSACKRGSNSSFFSRLNWLTSLDNKYPAQNVTMPNKERFDKLYIWGVHHPDTDRNQFSLFAQSSGRITVSTKRSQQAVIPNIGSRPRVRDIPSRISIYWTIVKPGDILLINSTGNLIAPRGYFKIRSGKSSIMRSDAPIGECKSECITPNGSIPNDKPFQNVNRITYGACPRYVKQSTLKLATGMRNVPEKQARGIFGAIAGFIENGWEGMVDGWYGFRHQNSEGRGQAADLKSTQAAIDQINGKLNRLIGKTNEKFHQIEKEFSEVEGRVQDLEKYVEDTKIDLWSYNAELLVALENQHTIDLTDSEMNKLFEKTKKQLRENAEDMGNGCFKIYHKCDNACIGSIRNETYDHNVYRDEALNNRFQIKGVELKSGYKDWILWISFAMSCFLLCIALLGFIMWACQKGNIRCNICI	ATGAAGGCTATCATTGCTTTGAGCAACATTCTATGTCTTGTTTTCGCTCAAAACATACCTGGAAATGACAATAGCACGGCAACGCTGTGCCTTGGGCACCATGCAGTACCAAACGGAACGATAGTGAAAACAATCACAAATGACCGAATTGAAGTTACTAATGCTACTGAGTTGGTTCAGAATTCATCAATAGGTAAAATATGCAACAGTCCTCATCAGATCCTTGATGGAGGGAACTGCACACTAATAGATGCTCTATTGGGGGACCCTCAGTGTGACGGCTTTCAGAATAAGGAATGGGACCTTTTTGTTGAACGAAGCAGAGCCAACAGCAGCTGTTACCCTTATGATATGCCGGATTATGCCTCCCTTAGGTCACTAGTTGCCTCATCCGGAACACTGGAGTTTAAAGATGAAAGCTTCAATTGGACCGGAGTCAAACAAAACGGGAAAAGTTCTGCGTGCAAAAGGGGATCTAATAGTAGTTTTTTTAGTAGATTAAATTGGTTGACCAGCTTAGACAACAAATATCCAGCACAGAACGTGACTATGCCAAACAAGGAACGATTTGACAAATTGTACATTTGGGGGGTTCATCATCCGGACACGGACAGGAACCAATTCTCCCTGTTTGCTCAATCATCAGGAAGAATCACAGTATCTACCAAAAGAAGCCAACAAGCTGTAATCCCAAATATCGGATCTAGACCCAGAGTAAGGGATATCCCTAGCAGAATAAGCATCTATTGGACAATAGTAAAACCGGGAGACATACTTTTGATTAACAGCACAGGGAATCTAATTGCTCCTAGGGGTTACTTCAAAATACGAAGTGGAAAAAGCTCAATAATGAGATCAGACGCACCCATTGGCGAATGTAAGTCAGAATGCATCACTCCAAATGGAAGCATTCCCAATGACAAACCGTTCCAAAATGTAAACAGGATCACATACGGGGCCTGTCCCAGATACGTTAAGCAAAGCACCCTGAAATTGGCAACAGGAATGCGAAATGTACCTGAGAAACAAGCCAGAGGCATATTTGGTGCAATAGCGGGCTTCATAGAAAATGGATGGGAGGGAATGGTGGATGGTTGGTACGGTTTCAGGCATCAAAATTCTGAGGGAAGAGGACAAGCAGCAGATCTCAAAAGCACTCAAGCAGCAATCGATCAAATCAATGGGAAGCTGAATCGATTGATCGGAAAAACCAATGAGAAATTCCATCAGATTGAAAAAGAATTCTCAGAAGTAGAAGGAAGAGTTCAAGACCTTGAGAAATATGTTGAGGACACTAAAATAGATCTCTGGTCATACAACGCGGAGCTTCTTGTTGCCCTGGAGAACCAACATACGATTGACCTAACTGACTCAGAAATGAACAAGCTGTTTGAAAAAACAAAGAAACAACTGAGGGAAAATGCTGAGGATATGGGAAATGGTTGTTTCAAAATATACCACAAATGTGACAATGCCTGCATAGGATCAATAAGAAATGAAACTTATGACCACAATGTGTACAGGGATGAAGCATTAAACAACCGGTTCCAAATCAAGGGAGTTGAGCTGAAGTCAGGGTACAAAGATTGGATCCTATGGATTTCCTTTGCCATGTCATGTTTTTTGCTTTGTATTGCTTTGTTGGGGTTCATCATGTGGGCCTGCCAAAAGGGCAACATTAGGTGCAACATTTGCATT
H3N2	A/Chiang_Rai/P4052/2025_H3N2	10.0	2025-10-09	A/Alaska/63/2025	HA1: S144N	PX422896_I239V	MKAIIALSNILCLVFAQKIPGNDNSTATLCLGHHAVPNGTIVKTITNDRIEVTNATELVQNSSIGKICNSPHQILDGGNCTLIDALLGDPQCDGFQNKEWDLFVERSRANSSCYPYDVPDYASLRSLVASSGTLEFKDESFNWTGVKQNGKSSACKRGSNSSFFSRLNWLTSLNNIYPAQNVTMPNKEQFDKLYIWGVHHPDTDRNQFSLFAQSSGRITVSTKRSQQAVIPNIGSRPRVRDIPSRISIYWTIVKPGDILLINSTGNLIAPRGYFKIRSGKSSIMRSDAPIGECKSECITPNGSIPNDKPFQNVNRITYGACPRYVKQSTLKLATGMRNVPEKQTRGIFGAIAGFIENGWEGMVDGWYGFRHQNSEGRGQAADLKSTQAAIDQISGKLNRLIGKTNEKFHQIEKEFSEVEGRVQDLEKYVEDTKIDLWSYNAELLVALENQHTIDLTDSEMNKLFEKTKKQLRENAEDMGNGCFKIYHKCDNACIGSIRNETYDHNVYRDEALNNRFQIKGVELKSGYKDWILWISFAMSCFLLCIALLGFIMWACQKGNIRCNICI	ATGAAGGCTATCATTGCTTTGAGCAACATTCTATGTCTTGTTTTCGCTCAAAAAATACCTGGAAATGACAATAGCACGGCAACGCTGTGCCTTGGGCACCATGCAGTACCAAACGGAACGATAGTGAAAACAATCACAAATGACCGAATTGAAGTTACTAATGCTACTGAGTTGGTTCAGAATTCATCAATAGGTAAAATATGCAACAGTCCTCATCAGATCCTTGATGGAGGGAACTGCACACTAATAGATGCTCTATTGGGGGACCCTCAGTGTGACGGCTTTCAGAATAAGGAATGGGACCTTTTTGTTGAACGAAGCAGAGCCAACAGCAGCTGTTACCCTTATGATGTGCCGGATTATGCCTCCCTTAGGTCACTAGTTGCCTCATCCGGAACACTGGAGTTTAAAGATGAAAGCTTCAATTGGACCGGAGTCAAACAAAACGGAAAAAGTTCTGCGTGCAAAAGGGGATCTAATAGTAGTTTTTTTAGTAGATTAAATTGGTTGACCAGCTTAAACAACATATATCCAGCACAGAACGTGACTATGCCAAACAAGGAACAATTTGACAAATTGTACATTTGGGGGGTTCATCATCCGGACACGGACAGGAACCAATTCTCCCTGTTTGCTCAATCATCAGGAAGAATCACAGTATCTACCAAAAGAAGCCAACAAGCTGTAATCCCAAATATCGGATCTAGACCCAGAGTGAGGGATATCCCTAGCAGAATAAGCATCTATTGGACAATAGTAAAACCGGGAGACATACTTTTGATTAACAGCACAGGGAATCTAATTGCTCCTAGGGGTTACTTCAAAATACGAAGTGGGAAAAGCTCAATAATGAGATCAGACGCACCCATTGGCGAATGTAAGTCTGAATGCATCACTCCAAATGGAAGCATTCCCAATGACAAACCGTTCCAAAATGTAAACAGGATCACATACGGGGCCTGTCCCAGATACGTTAAGCAAAGCACCCTGAAATTGGCAACAGGAATGCGAAATGTACCTGAGAAACAAACCAGAGGCATATTTGGTGCAATAGCGGGCTTCATAGAAAATGGATGGGAGGGAATGGTGGATGGTTGGTACGGTTTCAGGCATCAAAATTCTGAGGGAAGAGGACAAGCAGCAGATCTCAAAAGCACTCAAGCAGCAATCGATCAAATCAGTGGGAAGCTGAATCGATTGATCGGAAAAACCAACGAGAAATTCCATCAGATTGAAAAAGAATTCTCAGAAGTAGAAGGAAGAGTTCAAGACCTTGAGAAATATGTTGAGGACACTAAAATAGATCTCTGGTCATACAACGCGGAGCTTCTTGTTGCCCTGGAGAACCAACATACGATTGACCTAACTGACTCAGAAATGAACAAGCTGTTTGAAAAAACAAAGAAACAACTGAGGGAAAATGCTGAGGATATGGGAAATGGTTGTTTCAAAATATACCACAAATGTGACAATGCCTGCATAGGATCAATAAGAAATGAAACTTATGACCACAATGTGTACAGGGATGAAGCATTAAACAACCGGTTCCAAATCAAGGGAGTTGAGCTGAAATCAGGGTACAAAGATTGGATCCTATGGATTTCCTTTGCCATGTCATGTTTTTTGCTTTGTATTGCTTTGTTGGGGTTCATCATGTGGGCCTGCCAAAAGGGCAACATTAGGTGCAACATTTGCATT
H3N2	A/South_Australia/2530309313/2025_H3N2	9.0	2025-10-30	A/England/174/2025	HA1: S9G HA1: E83D HA1: I214T	PQ444895_S25G_E99D_V363M	MKAIIALSNILCLVFAQKIPGNDNGTATLCLGHHAVPNGTIVKTITNDRIEVTNATELVQNSSIGKICNSPHQILDGGNCKLIDALLGDPQCDGFQNKDWDLFVERSRANSSCYPYDVPDYASLRSLVASSGTLEFKDENFNWTGVKQNGTSSACKRGSSSSFFSRLNWLTSLNNIYPAQNVTMPNKEQFDKLYIWGVHHPDTDKNQFSLFAQSSGRITVSTKRSQQAVTPNIGSRPRVRDIPSRISIYWTIVKPGDILLINSTGNLIAPRGYFKIRSGKSSIMRSDAPIGECKSECITPNGSIPNDKPFQNVNRITYGACPRYVKQSTLKLATGMRNVPEKQTRGIFGAIAGFIENGWEGMMDGWYGFRHQNSEGRGQAADLKSTQAAIDQISGKLNRLIGKTNEKFHQIEKEFSEVEGRVQDLEKYVEDTKIDLWSYNAELLVALENQHTIDLTDSEMNKLFEKTKKQLRENAEDMGNGCFKIYHKCDNACIGSIRNETYDHNVYRDEALNNRFQIKGVELKSGYKDWILWISFAMSCFLLCIALLGFIMWACQKGNIRCNICI	ATGAAGGCTATCATTGCTTTGAGCAACATTCTATGTCTTGTTTTCGCTCAAAAAATACCTGGAAATGACAATGGCACGGCAACGCTGTGCCTTGGGCACCATGCAGTACCAAACGGAACGATAGTGAAAACAATCACAAATGACCGAATTGAAGTTACTAATGCTACTGAGTTGGTTCAGAATTCATCAATAGGTAAAATATGCAACAGTCCTCATCAGATCCTTGATGGAGGGAACTGCAAACTAATAGATGCTCTATTGGGGGACCCTCAGTGTGACGGCTTTCAGAATAAGGACTGGGACCTTTTTGTTGAACGAAGCAGAGCCAACAGCAGCTGTTACCCTTATGATGTGCCGGATTATGCCTCCCTTAGGTCACTAGTTGCCTCATCCGGAACACTGGAGTTTAAAGATGAAAACTTCAATTGGACCGGAGTCAAACAAAACGGAACAAGTTCTGCGTGCAAAAGGGGATCTAGTAGTAGTTTTTTTAGTAGATTGAATTGGTTGACCAGCTTAAACAACATATATCCAGCACAGAACGTGACTATGCCAAACAAGGAACAATTTGACAAATTGTACATTTGGGGGGTTCATCATCCGGATACGGACAAGAACCAATTCTCCCTGTTTGCTCAATCATCAGGAAGAATCACAGTATCTACCAAAAGAAGCCAACAAGCTGTAACCCCAAATATCGGATCTAGACCCAGAGTAAGGGATATCCCTAGCAGAATAAGCATCTATTGGACAATAGTAAAACCGGGAGACATACTTTTGATTAACAGCACAGGGAATCTAATTGCTCCTAGGGGTTACTTCAAAATACGAAGTGGGAAAAGCTCAATAATGAGATCAGACGCACCCATTGGCGAATGTAAGTCTGAATGCATCACTCCAAATGGCAGCATTCCCAATGACAAACCGTTCCAAAATGTAAACAGGATCACATACGGGGCCTGTCCCAGATACGTTAAGCAAAGCACCCTGAAATTGGCAACAGGAATGCGAAATGTACCTGAGAAACAAACCAGAGGCATATTTGGTGCAATAGCGGGTTTCATAGAAAATGGATGGGAGGGAATGATGGATGGTTGGTACGGTTTCAGGCATCAAAATTCTGAGGGAAGAGGACAAGCAGCAGATCTCAAAAGCACTCAAGCAGCAATCGATCAAATCAGTGGGAAGCTGAATCGATTGATCGGAAAAACCAACGAGAAATTCCATCAGATTGAAAAAGAATTCTCAGAAGTAGAAGGAAGAGTTCAAGACCTTGAGAAATATGTTGAGGACACTAAAATAGATCTCTGGTCATACAACGCGGAGCTTCTTGTTGCCCTGGAGAACCAACATACGATTGACCTAACTGACTCAGAAATGAACAAGCTGTTTGAAAAAACAAAGAAGCAACTGAGGGAAAATGCTGAGGATATGGGAAATGGTTGTTTCAAAATATACCACAAATGTGACAATGCCTGCATAGGATCAATAAGAAATGAAACTTATGACCACAATGTGTACAGGGATGAAGCATTAAACAACCGGTTCCAGATCAAGGGAGTTGAGCTGAAGTCAGGGTACAAAGATTGGATTCTATGGATTTCCTTTGCCATGTCATGTTTTTTGCTTTGTATTGCTTTGTTGGGGTTCATCATGTGGGCCTGCCAAAAGGGCAACATTAGATGCAACATTTGCATT
H3N2	A/France/IDF-RELAB-IPP07037/2025_H3N2	8.0	2025-10-14	A/DistritoFederal/250106000728/2025	HA1: S54N	PX208244	MKAIIALSNILCLVFAQKIPGNDNSTATLCLGHHAVPNGTIVKTITNDRIEVTNATELVQNSSIGKICNNPHQILDGGNCTLIDALLGDPQCDGFQNKEWDLFVERSRANSSCYPYDVPDYASLRSLVASSGTLEFKDESFNWTGVKQNGTSSACKRGSSNSFFSRLNWLTSLKNIYPAQNVTMPNKEQFDKLYIWGVHHPDTDRNQFSLFAQSSGRITVSTKRSQQAVIPNIGSRPRVRDIPSRISIYWTIVKPGDILLINSTGNLIAPRGYFKIRSGKSSIMRSDAPIGECKSECITPNGSIPNDKPFQNVNRITYGACPRYVKQSTLKLATGMRNVPEKQTRGIFGAIAGFIENGWEGMVDGWYGFRHQNSEGRGQAADLKSTQAAIDQINGKLNRLIGKTNEKFHQIEKEFSEVEGRVQDLEKYVEDTKIDLWSYNAELLVALENQHTIDLTDSEMNKLFEKTKKQLRENAEDMGNGCFKIYHKCDNACIGSIRNETYDHNVYRDEALNNRFQIKGVELKSGYKDWILWISFAMSCFLLCIALLGFIMWACQKGNIRCNICI	ATGAAGGCTATCATTGCTTTGAGCAACATTCTATGTCTTGTTTTCGCTCAAAAAATACCTGGAAATGACAATAGCACGGCAACGCTGTGCCTTGGGCACCATGCAGTACCAAACGGAACGATAGTGAAAACAATCACAAATGACCGAATTGAAGTTACTAATGCTACTGAGTTGGTTCAGAATTCATCAATAGGTAAAATATGCAACAATCCTCATCAGATCCTTGATGGAGGGAACTGCACACTAATAGATGCTCTATTGGGGGACCCTCAGTGTGATGGCTTTCAGAATAAGGAATGGGACCTTTTTGTTGAACGAAGCAGAGCCAACAGCAGCTGTTACCCTTATGATGTGCCGGATTATGCCTCCCTTAGGTCACTAGTTGCCTCATCCGGAACACTGGAGTTTAAAGATGAAAGCTTCAATTGGACCGGAGTCAAACAAAACGGAACAAGTTCTGCGTGCAAAAGGGGATCTAGTAATAGTTTTTTTAGTAGATTAAATTGGTTGACCAGCTTAAAGAACATATATCCAGCACAGAACGTGACTATGCCAAACAAGGAACAATTTGACAAATTGTACATTTGGGGGGTTCATCATCCGGATACGGACAGGAACCAATTCTCCCTGTTTGCTCAATCATCAGGAAGAATCACAGTATCTACCAAAAGAAGCCAACAAGCTGTAATCCCAAATATCGGATCTAGACCCAGAGTAAGGGATATCCCTAGCAGAATAAGCATCTATTGGACAATAGTAAAACCGGGAGACATACTTTTGATTAACAGCACAGGGAATCTAATTGCTCCTAGGGGTTACTTCAAAATACGAAGTGGGAAAAGCTCAATAATGAGATCAGACGCACCCATTGGCGAATGTAAGTCTGAATGCATAACTCCAAATGGAAGCATTCCCAATGACAAACCGTTCCAAAATGTAAACAGGATCACATACGGGGCCTGTCCCAGATACGTTAAGCAAAGCACCCTGAAATTGGCAACAGGAATGCGAAATGTACCTGAGAAACAAACCAGAGGCATATTTGGTGCAATAGCGGGTTTCATAGAAAATGGATGGGAGGGAATGGTGGATGGTTGGTACGGTTTCAGGCATCAAAATTCTGAGGGAAGAGGACAAGCAGCAGATCTCAAAAGCACTCAAGCAGCAATCGATCAAATCAATGGGAAGCTGAATCGATTGATCGGAAAAACCAACGAGAAATTCCATCAGATTGAAAAAGAATTCTCAGAAGTAGAAGGAAGAGTTCAAGACCTTGAGAAATATGTTGAGGACACTAAAATAGATCTCTGGTCATACAACGCGGAGCTTCTTGTTGCCCTGGAGAACCAACATACGATTGACCTAACTGACTCAGAAATGAACAAGCTGTTTGAAAAAACAAAGAAGCAACTGAGGGAAAATGCTGAGGATATGGGAAATGGTTGTTTCAAAATATACCACAAATGTGACAATGCCTGCATAGGATCAATAAGAAATGAAACTTATGACCACAATGTGTACAGGGATGAAGCATTAAACAACCGGTTCCAGATCAAGGGAGTTGAGCTGAAGTCAGGGTACAAAGATTGGATCCTATGGATTTCCTTTGCCATGTCATGTTTTTTGCTTTGCATTGCTTTGTTGGGGTTCATCATGTGGGCCTGCCAAAAGGGCAACATCAGATGCAACATTTGCATT
H3N2	A/South_Australia/2531113698/2025_H3N2	6.0	2025-11-07	A/Alaska/63/2025	HA1: S145N	PX423028	MKAIIALSNILCLVFAQKIPGNDNSTATLCLGHHAVPNGTIVKTITNDRIEVTNATELVQNSSIGKICNSPHQILDGGNCTLIDALLGDPQCDGFQNKEWDLFVERSRANSSCYPYDVPDYASLRSLVASSGTLEFKDESFNWTGVKQNGKSSACKRGSSNSFFSRLNWLTSLNNIYPAQNVTMPNKEQFDKLYIWGVHHPDTDRNQFSLFAQSSGRITVSTKRSQQAVIPNIGSRPRVRDIPSRISIYWTIVKPGDILLINSTGNLIAPRGYFKIRSGKSSIMRSDAPIGECKSECITPNGSIPNDKPFQNVNRITYGACPRYVKQSTLKLATGMRNVPEKQTRGIFGAIAGFIENGWEGMVDGWYGFRHQNSEGRGQAADLKSTQAAIDQISGKLNRLIGKTNEKFHQIEKEFSEVEGRVQDLEKYVEDTKIDLWSYNAELLVALENQHTIDLTDSEMNKLFEKTKKQLRENAEDMGNGCFKIYHKCDNACIGSIRNETYDHNVYRDEALNNRFQIKGVELKSGYKDWILWISFAMSCFLLCIALLGFIMWACQKGNIRCNICI	ATGAAGGCTATCATTGCTTTGAGCAACATTCTATGTCTTGTTTTCGCTCAAAAAATACCTGGAAATGACAATAGCACGGCAACGTTGTGCCTTGGGCACCATGCAGTACCAAACGGAACGATAGTGAAAACAATCACAAATGACCGAATTGAAGTTACTAATGCTACTGAGTTGGTTCAGAATTCATCAATAGGTAAAATATGCAACAGTCCTCATCAGATCCTTGATGGAGGGAACTGCACACTAATAGATGCTCTATTGGGGGACCCTCAGTGTGACGGCTTTCAGAATAAGGAATGGGACCTTTTTGTTGAACGAAGCAGAGCCAACAGCAGCTGTTACCCTTATGATGTGCCGGATTATGCCTCCCTTAGGTCACTAGTTGCCTCATCCGGAACACTGGAGTTTAAAGATGAAAGCTTCAATTGGACCGGAGTCAAACAAAACGGAAAAAGTTCTGCGTGCAAAAGGGGATCTAGTAATAGTTTTTTTAGTAGATTAAATTGGTTGACCAGCTTAAACAACATATATCCAGCACAGAACGTGACTATGCCAAACAAGGAACAATTTGACAAATTGTACATTTGGGGGGTTCATCATCCGGACACGGACAGGAACCAATTCTCCCTGTTTGCTCAATCATCAGGAAGAATCACAGTATCTACCAAAAGAAGCCAACAAGCTGTAATCCCAAATATCGGATCTAGACCCAGAGTAAGGGATATCCCTAGCAGAATAAGCATCTATTGGACAATAGTAAAACCGGGAGACATACTTTTGATTAACAGCACAGGGAATCTAATTGCTCCTAGGGGTTACTTCAAAATACGAAGTGGGAAAAGCTCAATAATGAGATCAGACGCACCCATTGGCGAATGTAAGTCTGAATGCATCACTCCAAATGGAAGCATTCCCAATGACAAACCGTTCCAAAATGTAAACAGGATCACATACGGGGCCTGTCCAAGATACGTTAAGCAAAGCACCCTGAAATTGGCAACAGGAATGCGAAATGTACCTGAGAAACAAACCAGAGGCATATTTGGTGCAATAGCGGGCTTCATAGAAAATGGATGGGAGGGAATGGTGGATGGTTGGTACGGTTTCAGGCATCAAAATTCTGAGGGAAGAGGACAAGCAGCAGATCTCAAAAGCACTCAAGCAGCAATCGATCAAATCAGTGGGAAGCTGAATCGATTGATCGGAAAAACCAACGAGAAATTCCATCAGATTGAAAAAGAATTCTCAGAAGTAGAAGGAAGAGTTCAAGACCTTGAGAAATATGTTGAGGACACTAAAATAGATCTCTGGTCATACAACGCGGAGCTTCTTGTTGCCCTTGAGAACCAACATACGATTGACCTAACTGACTCAGAAATGAACAAGCTGTTTGAAAAAACAAAGAAACAACTGAGGGAAAATGCTGAGGATATGGGAAATGGTTGTTTCAAAATATACCACAAATGTGACAATGCCTGCATAGGATCAATAAGAAATGAAACTTATGACCACAATGTGTACAGGGATGAAGCATTAAACAACCGGTTCCAAATCAAGGGAGTTGAGCTGAAGTCAGGGTACAAAGATTGGATCCTATGGATTTCCTTTGCCATGTCATGTTTTTTGCTTTGTATTGCTTTGTTGGGGTTCATCATGTGGGCCTGCCAAAAGGGCAACATTAGGTGCAACATTTGCATT
H3N2	A/South_Australia/2529502694/2025_H3N2	6.0	2025-10-22	A/England/174/2025	HA1: S9G HA1: R33Q HA1: E83D HA1: I214T	PQ444895_S25G_R49Q_E99D_V363M	MKAIIALSNILCLVFAQKIPGNDNGTATLCLGHHAVPNGTIVKTITNDQIEVTNATELVQNSSIGKICNSPHQILDGGNCKLIDALLGDPQCDGFQNKDWDLFVERSRANSSCYPYDVPDYASLRSLVASSGTLEFKDENFNWTGVKQNGTSSACKRGSSSSFFSRLNWLTSLNNIYPAQNVTMPNKEQFDKLYIWGVHHPDTDKNQFSLFAQSSGRITVSTKRSQQAVTPNIGSRPRVRDIPSRISIYWTIVKPGDILLINSTGNLIAPRGYFKIRSGKSSIMRSDAPIGECKSECITPNGSIPNDKPFQNVNRITYGACPRYVKQSTLKLATGMRNVPEKQTRGIFGAIAGFIENGWEGMMDGWYGFRHQNSEGRGQAADLKSTQAAIDQISGKLNRLIGKTNEKFHQIEKEFSEVEGRVQDLEKYVEDTKIDLWSYNAELLVALENQHTIDLTDSEMNKLFEKTKKQLRENAEDMGNGCFKIYHKCDNACIGSIRNETYDHNVYRDEALNNRFQIKGVELKSGYKDWILWISFAMSCFLLCIALLGFIMWACQKGNIRCNICI	ATGAAGGCTATCATTGCTTTGAGCAACATTCTATGTCTTGTTTTCGCTCAAAAAATACCTGGAAATGACAATGGCACGGCAACGCTGTGCCTTGGGCACCATGCAGTACCAAACGGAACGATAGTGAAAACAATCACAAATGACCAGATTGAAGTTACTAATGCTACTGAGTTGGTTCAGAATTCATCAATAGGTAAAATATGCAACAGTCCTCATCAGATCCTTGATGGAGGGAACTGCAAACTAATAGATGCTCTATTGGGGGACCCTCAGTGTGACGGCTTTCAGAATAAGGACTGGGACCTTTTTGTTGAACGAAGCAGAGCCAACAGCAGCTGTTACCCTTATGATGTGCCGGATTATGCCTCCCTTAGGTCACTAGTTGCCTCATCCGGAACACTGGAGTTTAAAGATGAAAACTTCAATTGGACCGGAGTCAAACAAAACGGAACAAGTTCTGCGTGCAAAAGGGGATCTAGTAGTAGTTTTTTTAGTAGATTGAATTGGTTGACCAGCTTAAACAACATATATCCAGCACAGAACGTGACTATGCCAAACAAGGAACAATTTGACAAATTGTACATTTGGGGGGTTCATCATCCGGATACGGACAAGAACCAATTCTCCCTGTTTGCTCAATCATCAGGAAGAATCACAGTATCTACCAAAAGAAGCCAACAAGCTGTAACCCCAAATATCGGATCTAGACCCAGAGTAAGGGATATCCCTAGCAGAATAAGCATCTATTGGACAATAGTAAAACCGGGAGACATACTTTTGATTAACAGCACAGGGAATCTAATTGCTCCTAGGGGTTACTTCAAAATACGAAGTGGGAAAAGCTCAATAATGAGATCAGACGCACCCATTGGCGAATGTAAGTCTGAATGCATCACTCCAAATGGCAGCATTCCCAATGACAAACCGTTCCAAAATGTAAACAGGATCACATACGGGGCCTGTCCCAGATACGTTAAGCAAAGCACCCTGAAATTGGCAACAGGAATGCGAAATGTACCTGAGAAACAAACCAGAGGCATATTTGGTGCAATAGCGGGTTTCATAGAAAATGGATGGGAGGGAATGATGGATGGTTGGTACGGTTTCAGGCATCAAAATTCTGAGGGAAGAGGACAAGCAGCAGATCTCAAAAGCACTCAAGCAGCAATCGATCAAATCAGTGGGAAGCTGAATCGATTGATCGGAAAAACCAACGAGAAATTCCATCAGATTGAAAAAGAATTCTCAGAAGTAGAAGGAAGAGTTCAAGACCTTGAGAAATATGTTGAGGACACTAAAATAGATCTCTGGTCATACAACGCGGAGCTTCTTGTTGCCCTGGAGAACCAACATACGATTGACCTAACTGACTCAGAAATGAACAAGCTGTTTGAAAAAACAAAGAAGCAACTGAGGGAAAATGCTGAGGATATGGGAAATGGTTGTTTCAAAATATACCACAAATGTGACAATGCCTGCATAGGATCAATAAGAAATGAAACTTATGACCACAATGTGTACAGGGATGAAGCATTAAACAACCGGTTCCAGATCAAGGGAGTTGAGCTGAAGTCAGGGTACAAAGATTGGATTCTATGGATTTCCTTTGCCATGTCATGTTTTTTGCTTTGTATTGCTTTGTTGGGGTTCATCATGTGGGCCTGCCAAAAGGGCAACATTAGATGCAACATTTGCATT
H3N2	A/England/01854887/2025_H3N2	6.0	2025-10-23	A/Alaska/63/2025	HA1: D101E HA1: S219F HA1: V223I	PX447592_D117E_S235F_V239I	MKAIIALSNILCLVFAQKIPGNDNSTATLCLGHHAVPNGTIVKTITNDRIEVTNATELVQNSSIGKICNSPHQILDGGNCTLIDALLGDPQCDGFQNKEWDLFVERSRANSSCYPYEVPDYASLRSLVASSGTLEFKDESFNWTGVKQNGKSSACKRGSSSSFFSRLNWLTSLNNIYPAQNVTMPNKEQFDKLYIWGVHHPDTDRNQFSLFAQSSGRITVSTKRSQQAVIPNIGFRPRIRDIPSRISIYWTIVKPGDILLINSTGNLIAPRGYFKIRSGKSSIMRSDAPIGECKSECITPNGSIPNDKPFQNVNRITYGACPRYVKQSTLKLATGMRNVPEKQTRGIFGAIAGFIENGWEGMVDGWYGFRHQNSEGRGQAADLKSTQAAIDQISGKLNRLIGKTNEKFHQIEKEFSEVEGRVQDLEKYVEDTKIDLWSYNAELLVALENQHTIDLTDSEMNKLFEKTKKQLRENAEDMGNGCFKIYHKCDNACIGSIRNETYDHNVYRDEALNNRFQIKGVELKSGYKDWILWISFAMSCFLLCIALLGFIMWACQKGNIRCNICI	ATGAAGGCTATCATTGCTTTGAGCAACATTCTATGTCTTGTTTTCGCTCAAAAAATACCTGGAAATGACAATAGCACGGCAACGCTGTGCCTTGGGCACCATGCAGTACCAAACGGAACGATAGTGAAAACAATCACAAATGACCGAATTGAAGTTACTAATGCTACTGAGTTGGTTCAGAATTCATCAATAGGTAAAATATGCAACAGTCCTCATCAGATCCTTGATGGAGGGAACTGCACACTAATAGATGCTCTATTGGGGGACCCTCAGTGTGACGGCTTTCAGAATAAGGAATGGGACCTTTTTGTTGAACGAAGCAGAGCCAACAGCAGCTGTTACCCTTATGAGGTGCCGGATTATGCCTCCCTTAGGTCACTAGTTGCCTCATCCGGAACACTGGAGTTTAAAGATGAAAGCTTCAATTGGACCGGAGTCAAACAAAACGGAAAAAGTTCTGCGTGCAAAAGGGGATCTAGTAGTAGTTTTTTTAGTAGATTAAATTGGTTGACCAGCTTAAACAACATATATCCAGCACAGAACGTGACTATGCCAAACAAGGAACAATTTGACAAATTGTACATTTGGGGGGTTCATCATCCGGACACGGACAGGAACCAATTCTCCCTGTTTGCTCAATCATCAGGAAGAATCACAGTATCTACCAAAAGAAGCCAACAAGCTGTAATCCCAAATATCGGATTCAGACCCAGAATCAGGGATATCCCTAGCAGAATAAGCATCTATTGGACAATAGTAAAACCGGGAGACATACTTTTGATTAACAGCACAGGGAATCTAATTGCTCCTAGGGGTTACTTCAAAATACGAAGTGGGAAAAGCTCAATAATGAGATCAGACGCACCCATTGGCGAATGTAAGTCTGAATGCATCACTCCAAATGGAAGCATTCCCAATGACAAACCGTTCCAAAATGTAAACAGGATCACATACGGGGCCTGTCCCAGATACGTTAAGCAAAGCACCCTGAAATTGGCAACAGGAATGCGAAATGTACCTGAGAAACAAACCAGAGGCATATTTGGTGCAATAGCGGGTTTCATAGAAAATGGATGGGAGGGAATGGTGGATGGTTGGTACGGTTTCAGGCATCAAAATTCTGAGGGAAGAGGACAAGCAGCAGATCTCAAAAGCACTCAAGCAGCAATCGATCAAATCAGTGGGAAGCTGAATCGATTGATCGGAAAAACCAACGAGAAATTCCATCAGATTGAAAAAGAATTCTCAGAAGTAGAAGGAAGAGTTCAAGACCTTGAGAAATATGTTGAGGACACTAAAATAGATCTCTGGTCATACAACGCGGAGCTTCTTGTTGCCCTGGAGAACCAACATACGATTGACCTAACTGACTCAGAAATGAACAAGCTGTTTGAAAAAACAAAGAAGCAACTGAGGGAAAATGCTGAGGATATGGGAAATGGTTGTTTCAAAATATACCACAAATGTGACAATGCCTGCATAGGATCAATAAGAAATGAAACTTATGACCACAATGTGTACAGGGATGAAGCATTAAACAACCGGTTCCAAATCAAGGGAGTTGAGCTGAAGTCAGGGTACAAAGATTGGATCCTATGGATTTCCTTTGCCATGTCATGTTTTTTGCTTTGTATTGCTTTGTTGGGGTTCATCATGTGGGCCTGCCAAAAGGGCAACATTAGATGCAACATTTGCATT
H1N1	A/Catalonia/NSVH160153718/2025_H1N1	12.0	2025-11-11	A/Andalucia/PMC-00977/2025	HA1: R205K	PX399795_R222K	MKAILVVMLYTFTTANADTLCIGYHANNSTDTVDTVLEKNVTVTHSVNLLEDKHNGKLCKLRGVAPLHLGQCNIAGWILGNPECESLSTARSWSYIVETSNSDNGTCYPGDFINYEELREQLSSVSSFEKFEIFPKASSWPNHDSDNGVTAACSHDGARSFYKNLIWLVKKGKSYPKINQTYINDKGKEVLVLWGIHHPPTITDQESLYQNADAYVFVGTSKYSKKFKPEIAARPKVRDQAGRMNYYWTLVEPGDKITFEATGNLVAPRYAFTMEKEAGSGIIISDTPVHDCNATCQTPKGAINTSLPFQNVHPITIGECPKYVRSTKLRLATGLRNVPSIQSRGLFGAIAGFIEGGWTGMVDGWYGYHHQNDQGSGYAADLKSTQNAVDKITNKVNSVIEKMNTQFTAVGKEFNHLEKRIENLNKKVDDGFLDVWTYNAELLVLLENERTLDYHDSNVKNLYEKVRHQLKNNAKETGNGCFEFYHKCDNTCMESVKNGTYDYPKYSEEAKLNREKIDGVKLDSTRIYQILAIYSTAASSLVLVVSLGAISFWMCSNGSLQCRICI	ATGAAGGCAATACTAGTGGTTATGCTGTATACATTTACAACCGCAAATGCAGACACATTATGTATAGGTTATCATGCGAACAATTCAACAGACACTGTGGACACAGTACTAGAAAAGAATGTAACAGTAACACACTCTGTCAATCTTCTAGAAGACAAGCATAACGGAAAACTATGCAAACTAAGAGGGGTAGCCCCATTGCATTTGGGTCAATGTAACATTGCTGGCTGGATCCTGGGAAATCCAGAGTGTGAATCACTATCCACAGCAAGGTCATGGTCCTACATTGTGGAAACATCTAATTCAGACAATGGAACGTGTTACCCAGGAGATTTCATCAATTATGAGGAGCTAAGAGAGCAATTGAGCTCAGTGTCATCATTTGAAAAGTTTGAAATATTCCCCAAGGCAAGTTCATGGCCTAATCATGACTCGGACAATGGTGTAACGGCAGCATGTTCTCACGATGGAGCAAGAAGCTTCTACAAAAACTTGATATGGCTGGTTAAAAAAGGAAAATCGTACCCAAAGATCAACCAAACCTACATTAATGACAAAGGGAAAGAAGTCCTCGTGCTGTGGGGCATTCACCATCCACCCACTATTACTGACCAAGAAAGTCTCTATCAGAATGCAGATGCGTATGTTTTTGTGGGGACATCAAAGTACAGCAAGAAGTTCAAGCCGGAAATAGCAGCAAGACCCAAAGTGAGGGATCAAGCAGGGAGAATGAACTATTACTGGACACTAGTAGAACCGGGAGACAAAATAACATTCGAAGCAACTGGTAATCTAGTGGCACCGAGGTATGCATTCACAATGGAAAAAGAAGCTGGATCTGGTATTATCATTTCAGATACACCAGTCCACGATTGCAATGCAACTTGTCAGACACCCAAGGGTGCTATAAACACCAGCCTCCCATTTCAAAATGTACATCCGATCACGATTGGGGAATGTCCAAAGTATGTAAGAAGCACAAAACTGAGGCTGGCCACAGGATTGAGGAATGTCCCGTCTATTCAATCTAGAGGCCTATTCGGGGCCATTGCTGGCTTCATCGAAGGGGGGTGGACAGGAATGGTTGATGGATGGTACGGTTATCACCATCAAAATGATCAGGGATCAGGATATGCAGCCGATCTGAAGAGCACACAAAATGCCGTTGATAAGATTACCAACAAAGTAAATTCTGTTATTGAAAAGATGAATACACAGTTCACAGCAGTTGGTAAAGAGTTCAACCACCTTGAAAAAAGAATAGAAAATCTAAATAAAAAGGTTGATGATGGTTTCCTGGACGTTTGGACTTACAATGCCGAACTGCTGGTTCTACTGGAAAATGAAAGAACTTTGGACTATCACGATTCAAATGTGAAGAACTTGTATGAAAAAGTAAGACACCAGTTAAAAAACAATGCCAAGGAAACTGGAAACGGCTGCTTTGAATTTTACCACAAATGCGACAACACATGCATGGAAAGTGTCAAGAATGGAACTTATGACTACCCAAAATACTCAGAGGAAGCAAAATTGAACAGAGAAAAAATAGATGGAGTAAAGCTGGACTCAACAAGGATTTACCAGATTTTGGCAATCTATTCAACTGCTGCCAGTTCATTGGTACTGGTAGTCTCCCTGGGGGCAATCAGCTTCTGGATGTGCTCTAATGGGTCTCTACAGTGCAGAATATGTATT
H1N1	A/Cote-d'Ivoire/3423/25_H1N1	7.0	2025-10-13	A/Ghana/ARI-25-1125/2025	HA1: R113K HA1: A120T HA1: S137P HA1: Q169K HA2: R123K	PP305160_R467K	MKAILVVMLYTFTTANADTLCIGYHANNSTDTVDTVLEKNVTVTHSVNLLEDKHNGKLCKLRGVAPLHLGQCNIAGWILGNPECESLSTARSWSYIVETSNSDNGTCYPGDFINYEELREQLSSVSSFEKFEIFPKTSSWPNHDSDNGVTAACPHAGAKSFYKNLIWLVKKGKSYPKINQTYINDKGKEVLVLWGIHHPPTITDQESLYQNADAYVFVGTSRYSKKFKPEIATRPKVRDQAGRMNYYWTLVEPGDKITFEATGNLVAPRYAFTMEKDAGSGIIISDTPVHDCNTTCQTPEGAINTSLPFQNVHPITIGKCPKYVRSTKLRLATGLRNVPSIQSRGLFGAIAGFIEGGWTGMVDGWYGYHHQNEQGSGYAADLKSTQNAIDKITNKVNSVIEKMNTQFTAVGKEFNHLEKRIENLNKKVDDGFLDVWTYNAELLVLLENERTLDYHDSNVKNLYEKVKNQLKNNAKEIGNGCFEFYHKCDNTCMESVKNGTYDYPKYSEEAKLNREKIDGVKLDSTRIYQILAIYSTVASSLVLVVSLGAISFWMCSNGSLQCRICI	ATGAAGGCAATACTAGTAGTTATGCTGTATACATTTACAACCGCAAATGCAGACACATTATGTATAGGTTATCATGCGAACAATTCAACAGACACTGTGGACACAGTACTAGAAAAGAATGTAACAGTAACACACTCTGTCAATCTTCTAGAAGACAAGCATAACGGAAAACTATGCAAACTAAGAGGGGTAGCCCCATTGCATTTGGGTCAATGTAACATTGCTGGCTGGATCCTGGGAAATCCAGAGTGTGAATCACTCTCCACAGCAAGATCATGGTCCTACATTGTGGAAACATCTAATTCAGACAATGGAACTTGTTACCCAGGAGATTTCATCAATTATGAGGAGCTAAGAGAGCAATTGAGCTCAGTGTCATCATTTGAAAAGTTTGAAATATTCCCCAAGACAAGTTCATGGCCTAATCATGACTCGGACAATGGTGTAACGGCAGCATGTCCTCACGCTGGAGCAAAAAGCTTCTACAAAAACTTGATATGGCTGGTTAAAAAAGGAAAATCATACCCAAAGATCAACCAAACCTACATTAATGATAAAGGGAAAGAAGTCCTCGTGCTGTGGGGCATTCACCATCCACCCACTATTACTGACCAAGAAAGTCTCTATCAGAATGCAGATGCATATGTTTTTGTGGGGACATCAAGATACAGCAAGAAGTTCAAGCCGGAAATAGCAACAAGACCCAAAGTGAGGGATCAAGCAGGGAGAATGAACTATTACTGGACACTAGTAGAACCGGGAGACAAAATAACATTCGAAGCAACTGGTAATCTAGTGGCACCGAGATATGCATTCACAATGGAAAAAGATGCTGGATCTGGTATTATCATTTCAGATACACCAGTCCACGATTGCAATACAACTTGTCAGACACCCGAGGGTGCTATAAACACCAGCCTCCCATTTCAGAATGTACATCCGATCACGATTGGGAAATGTCCAAAGTATGTGAGAAGCACAAAATTGAGACTGGCCACAGGACTGAGGAATGTCCCGTCTATTCAATCTAGAGGCCTATTCGGGGCCATTGCTGGCTTCATCGAAGGGGGGTGGACAGGGATGGTAGATGGATGGTACGGTTATCACCATCAAAATGAGCAGGGGTCAGGATATGCAGCCGATCTGAAGAGCACACAAAATGCCATTGATAAGATTACCAACAAAGTAAATTCTGTTATTGAAAAGATGAATACACAGTTCACAGCAGTTGGTAAAGAGTTCAACCACCTTGAAAAAAGAATAGAGAATCTAAATAAAAAGGTTGATGATGGTTTCCTGGACGTTTGGACTTACAATGCCGAACTGCTGGTTCTACTGGAAAACGAAAGAACTTTGGACTATCACGATTCAAATGTGAAAAACTTGTATGAAAAAGTAAAGAACCAGTTAAAAAACAATGCCAAGGAAATTGGAAACGGCTGCTTTGAATTTTACCACAAATGCGACAACACATGCATGGAGAGTGTCAAGAATGGGACTTATGACTACCCAAAATACTCAGAGGAAGCAAAATTAAACAGAGAAAAAATAGATGGAGTAAAGCTGGACTCAACAAGGATTTACCAGATTTTGGCAATCTATTCAACTGTTGCCAGTTCATTGGTGCTGGTAGTCTCCCTGGGGGCAATCAGCTTTTGGATGTGCTCTAATGGGTCTCTACAGTGTAGAATATGTATT
H1N1	A/France/ARA-HCL025174221601/2025_H1N1	6.0	2025-11-03	A/England/1822256/2025	SigPep: V15I HA1: A141V	PX399861	MKAILVVMLYTFTTINADTLCIGYHANNSTDTVDTVLEKNVTVTHSVNLLEDKHNGKLCKLRGVAPLHLGQCNIAGWILGNPECESLSTARSWSYIVEKPNSDNGTCYPGDFINYEELREQLSSVSSFERFEIFPKASSWPNHDSDNGVTAACSHAGVKSFYKNLIWLVKKGKSYPKINQTYVNDQGKEVLVLWGIHHPPTITDQESLYQNADAYVFVGTSRYSKKFKPEIATRPKVRDQAGRMNYYWTLVEPGDKITFEATGNLVAPRYAFTMEKDAGSGIIISDTPVHDCNTTCQTPEGAINTSLPFQNVHPITIGKCPKYVRSTKLRLATGLRNVPSIQSRGLFGAIAGFIEGGWTGMVDGWYGYHHQNEQGSGYAADLKSTQNAIDKITNKVNSVIEKMNTQFTAVGKEFNHLEKRIENLNKKVDDGFLDVWTYNAELLVLLENERTLDYHDSNVKNLYEKVRNQLKNNAKEIGNGCFEFYHKCDNTCMESVKNGTYDYPKYSEEAKLNREKIDGVKLDSTRTYQILAIYSTVASSLVLVVSLGAISFWMCSNGSLQCRICI	ATGAAGGCAATACTAGTAGTTATGCTGTATACATTTACAACCATAAATGCAGACACATTATGTATAGGTTATCATGCGAACAATTCAACAGACACTGTGGACACAGTACTAGAAAAGAATGTAACAGTAACACACTCTGTCAATCTTCTAGAAGACAAGCATAACGGAAAACTATGCAAACTAAGAGGGGTAGCCCCATTGCATTTGGGTCAATGTAACATTGCTGGCTGGATCCTGGGAAATCCAGAGTGTGAATCACTCTCCACAGCAAGATCATGGTCCTACATTGTAGAAAAACCTAATTCAGACAATGGAACTTGTTACCCAGGAGATTTCATCAATTATGAGGAGCTAAGAGAGCAATTGAGCTCAGTGTCATCATTTGAAAGGTTTGAAATATTCCCCAAGGCAAGTTCATGGCCTAATCATGACTCGGACAATGGTGTAACGGCAGCATGTTCTCACGCTGGAGTAAAAAGCTTCTACAAAAACTTGATATGGCTGGTTAAAAAAGGAAAATCATACCCAAAGATCAACCAAACCTACGTTAATGATCAAGGGAAAGAAGTCCTCGTGCTGTGGGGCATTCACCATCCACCCACTATTACTGACCAAGAAAGTCTCTATCAGAATGCAGATGCATATGTTTTTGTGGGGACATCAAGATACAGCAAGAAGTTCAAGCCGGAAATAGCAACAAGACCCAAAGTGAGGGATCAAGCAGGGAGAATGAACTATTACTGGACACTAGTAGAACCGGGAGACAAAATAACATTCGAAGCAACTGGTAATCTAGTGGCGCCGAGATATGCATTCACAATGGAAAAAGATGCTGGATCTGGTATTATCATTTCAGATACACCAGTCCACGATTGCAATACAACTTGTCAGACACCCGAAGGTGCTATAAACACCAGCCTCCCATTTCAGAATGTACATCCGATCACGATTGGGAAATGTCCAAAGTATGTGAGAAGCACAAAATTGAGACTGGCCACAGGACTGAGGAATGTCCCGTCTATTCAATCTAGAGGCCTGTTCGGGGCCATTGCTGGCTTCATCGAAGGGGGGTGGACAGGGATGGTAGATGGATGGTACGGTTATCACCATCAAAATGAGCAGGGGTCAGGATATGCAGCCGATCTGAAGAGCACACAAAATGCCATTGATAAGATTACCAACAAAGTAAATTCTGTTATTGAAAAGATGAATACACAGTTCACAGCAGTTGGTAAAGAGTTCAACCACCTTGAAAAAAGAATAGAGAATCTAAATAAAAAAGTTGATGATGGTTTCCTGGACGTTTGGACTTACAATGCCGAACTGCTAGTTCTACTGGAAAACGAAAGAACTTTGGACTATCATGATTCAAATGTGAAGAACTTGTATGAAAAAGTAAGAAACCAGTTAAAAAACAATGCTAAGGAAATTGGAAACGGCTGCTTTGAATTTTACCACAAATGCGACAACACATGCATGGAAAGTGTCAAGAATGGGACTTATGACTACCCAAAATACTCAGAGGAAGCAAAATTAAACAGAGAAAAAATAGATGGAGTAAAGCTGGACTCAACAAGGACTTACCAGATCCTGGCAATCTACTCAACTGTTGCCAGTTCATTGGTGCTGGTGGTCTCCCTGGGGGCAATCAGCTTCTGGATGTGCTCCAATGGGTCTCTACAGTGTAGAATATGTATT
